Subject,活动标题,详细描述,讲师姓名,讲师职位,活动时间,时长,主办方,行业分类,主题标签,注册链接,封面图URL,讲师照片URL,Error
"1. Helena Helmersson - Leading the way for systems change
日期: 2026-02-17 15:00 GMT
注册链接: https://innovationforum.co.uk/webinar/leading-the-way-for-systems-change-helena-helmersson-on-making-sustainability-a-core-business-imperative/
行业: Apparel & Textiles
讲师: Helena Helmersson (前H&M集团CEO)",Leading the way for systems change: Helena Helmersson on making sustainability a core business imperative,"Few leaders in the apparel and textiles industry bring as much hands-on experience across buying, production and CSR as Helena Helmersson did during her time at H&M Group. Her unique position as the only fashion industry executive to move from CSO to CEO gives her a rare, end-to-end view of how sustainability and commercial strategy intersect at scale. Helmersson’s long-term vision at H&M was clear: sustainability had to be embedded at the heart of the business. Building on work initiated in the 1990s, she helped advance a strategy that increased supply chain transparency, while also expanding textile collection and recycling programmes. Under her leadership, initiatives such as the H&M Conscious range were debuted, reinforcing the belief that sustainable fashion must remain accessible while serving as co-chair of The Fashion Pact. A consistent theme throughout Helmersson’s leadership has been the need for structural transformation. Sustainability, she argues, should be a mindset that is woven into every part of the organisation. In times of external turbulence, however, delivering on that ambition becomes harder. Helmersson is clear that progress cannot be achieved through brand commitments alone; new systems need to be built, and deep, cross-industry collaboration is essential. Since stepping down as CEO of H&M in January 2024, Helmersson has continued to shape the industry. She has joined the boards of MANGO, Quizrr and On, and serves as Chair of Circulose. In this webinar with built in Q&A time, Helena Helmersson will share reflections on: What leadership looks like when driving structural change within large organisations; What enables, and inhibits, CEO action on sustainability, including navigating the tension between profitability and sustainability; Collaboration in practice: how deep coalitions can work for business; Where the industry goes next, and the role each stakeholder must play in delivering change.",Helena Helmersson,Former CEO of H&M Group,2026-02-17T15:00:00Z,60,Innovation Forum,Apparel & Textiles,"sustainability,leadership,supply-chain",https://innovationforum.co.uk/webinar/leading-the-way-for-systems-change-helena-helmersson-on-making-sustainability-a-core-business-imperative/,Not available,Not available,
"2. Powering the digital age: data centres, AI, and the future of grid stability
日期: 2026-02-25 15:00 GMT
注册链接: https://innovationforum.co.uk/events-and-webinars/webinars/
行业: Energy
主题: 数据中心、AI与电网稳定性","Powering the digital age: data centres, AI, and the future of grid stability","The rapid expansion of data centres and AI is reshaping electricity demand at an unprecedented pace — creating new pressures on grids, planning frameworks and decarbonisation efforts. As digital infrastructure becomes more central to economic growth and innovation, energy systems must evolve to remain stable, flexible and sustainable. Join energy, technology and infrastructure leaders to explore: How data centres and AI are changing electricity demand profiles and what this means for grid stability, the role of microgrids, on-site generation and energy storage in managing energy surges and improving resilience, how grids can be designed to accommodate growing digital demand while remaining efficient and decarbonised, and the planning, regulatory and technology shifts needed to manage the long-term impact of AI-driven energy growth. Speakers include Sophie Graham, chief sustainability officer at IFS, Steven Carlini, chief advocate AI and data center at Schneider Electric, and Íris Baldursdóttir, chief executive officer at SnerpaPower.","Sophie Graham, Steven Carlini, Íris Baldursdóttir, Ian Welsh","Chief sustainability officer, IFS; Chief advocate AI and data center, Schneider Electric; Chief executive officer, SnerpaPower; Co-founder and chair, Innovation Forum",2026-02-25T15:00:00Z,60,Innovation Forum,Energy,"data centres, AI, grid stability",https://us02web.zoom.us/webinar/register/2917701982374/WN_yOD3drELTxadeyY0PryFug,Not available,Not available,
"3. Advancing climate-smart crops: R&D driving on-farm change
日期: 2026-02-26 15:00 GMT
注册链接: https://innovationforum.co.uk/events-and-webinars/webinars/
行业: Agriculture
主题: 气候智能作物、研发创新",Advancing climate-smart crops: R&D driving on-farm change,"As the agriculture sector accelerates toward more resilient systems, the search for climate-smart crops continues to gather pace. Innovation in crop systems is key to unlocking solutions that deliver resilience, productivity, and lower carbon outcomes. This webinar explores the potential of winter camelina, an oilseed crop advancing through research, innovation, and on-farm trial, as part of a broader push for crop diversification and low-carbon fuel feedstocks. Planted in the fall and harvested in early summer, camelina provides living cover through the off-season while also being harvested and sold as a cash crop – an uncommon combination that creates a new incentive for farmers to keep soil covered longer. The discussion will cover: How crop innovation and R&D are supporting more resilient and profitable farming systems; The role of winter camelina in crop diversification, soil health, and lower-carbon outcomes; The importance of farmer engagement, partnerships, and on-farm trials in driving adoption; What lessons from camelina can be applied to broader climate-smart agriculture strategies. Speakers include Lyle DePauw (Director, crop innovation, Cargill), Mitch Hunter (Co-director, Forever Green Initiative, University of Minnesota), Anna Teeter (Novel oilseeds program manager, Cargill), Anne Schwagerl (Vice president, Minnesota Farmers Union), and Ian Welsh (Chair, Innovation Forum) as moderator.",Lyle DePauw,"Director, crop innovation, Cargill",2026-02-26T15:00:00Z,60,Innovation Forum,Agriculture,"climate-smart crops,R&D,agriculture,crop innovation,sustainability",https://us02web.zoom.us/webinar/register/2917707237434/WN_dS4wHasIQ8OBRR_2DG5oNQ#/registration,Not available,Not available,
"4. Unlocking Supply Chain Excellence with Agentic AI
日期: 2026-02-25 12:00 PM CST
注册链接: https://www.eventbrite.com/e/joint-webinar-unlocking-supply-chain-excellence-with-agentic-ai-tickets-1982008378414
主办方: AWS & Royal Cyber
行业: Supply Chain",Joint Webinar: Unlocking Supply Chain Excellence with Agentic AI,"Don’t miss out on this opportunity to learn how Agentic AI is revolutionizing supply chain management and logistics operations. Discover how Agentic AI is revolutionizing supply chain and logistics operations with automation and predictive intelligence. In this live session, you’ll see how Amazon QuickSuite helps organizations: Reduce operational costs by up to 50%, Minimize stockouts by 96%, Optimize routes, inventory, and freight movement, Build a proactive, AI-driven supply chain. Live demos and practical insights included. The agenda includes: Part 1: Revolutionizing Supply Chain with Amazon QuickSuite (20 minutes) - Key capabilities of Amazon QuickSuite, Live Demo: QuickSuite platform in action. Part 2: Practical Applications in Logistics (20 minutes) - AI-driven demand forecasting, Optimizing logistics operations and route planning. Part 3: Q&A (10 minutes) - Audience Q&A and key takeaways, Next steps for implementation and ROI expectations.",Not available,Not available,2026-02-25T18:00:00Z,60,AWS & Royal Cyber,Supply Chain,"AgenticAI,SupplyChainTransformation,AWS,LogisticsTech,InventoryAI,FreightAutomation,DigitalSupplyChain,RoyalCyber",https://www.eventbrite.com/e/joint-webinar-unlocking-supply-chain-excellence-with-agentic-ai-tickets-1982008378414,Not available,Not available,
"5. 2026 Global Trade Turning Point
讲师: Dr. Samuel Roscoe
主题: 全球贸易战应对策略、供应链韧性
LinkedIn: https://www.linkedin.com/posts/joe-edwards14_supplychain-unsworthuk-novachain-activity-7427373140306980864-CAhm
行业: Global Trade",2026 Global Trade Turning Point,本次Webinar活动主题为“2026全球贸易转折点”，由UBC Sauder商学院讲师Samuel Roscoe博士主讲。Samuel Roscoe博士是地缘政治中断和供应链风险领域的专家。本次活动将深入探讨全球贸易格局在2026年面临的关键转折点，包括全球贸易战的应对策略以及如何构建更具韧性的供应链。参与者将有机会了解当前国际贸易环境的复杂性，以及企业和个人应如何准备以应对潜在的经济挑战。Roscoe博士将分享其在管理供应链风险方面的专业见解，并提供实用的策略，帮助企业在不确定性中保持竞争力。本次Webinar旨在为政策制定者、商业领袖以及对全球贸易趋势感兴趣的专业人士提供前瞻性的分析和解决方案。讨论内容将涵盖关税影响、贸易政策变化、以及如何通过多元化和区域化供应链来降低风险。,Dr. Samuel Roscoe,"Lecturer, UBC Sauder School of Business",2026-03-15T10:00:00Z,60,Not available,Global Trade,"global trade,supply chain,geopolitics,trade wars,resilience",Not available,Not available,Not available,
"6. Advance: Women in Manufacturing - Keys to Success
日期: 2026-03-05 13:00
注册链接: https://www.plant.ca/women-in-manufacturing/
行业: Manufacturing
主题: 制造业女性领导力",Advance: Women in Manufacturing - Keys to Success,"This webinar will feature a discussion with accomplished women in Canadian manufacturing. Together, we will explore the pivotal moments, decisions and strategies that shaped their careers—and the lessons they’ve learned along the way. From navigating career pivots and embracing lifelong learning to overcoming challenges and “failing forward,” our panelists will share candid insights on what it takes to thrive in a dynamic industry. Attendees will gain practical advice and actionable takeaways for professional growth and development. Webinar takeaways: -How top leaders built their paths to success -The role of education, mentorship and adaptability -Strategies for professional growth and leadership in manufacturing Stay on the webinar till the end as we will reveal the winners of the inaugural Advance: Women in Manufacturing Awards, including a fireside chat with one of the recipients. Speakers: Jillian van Duinkerken, CEO, Duinkerken Foods; Sally Morse, CEO and Co-Founder, Spectra Supply; Kimberly Benedict, Vice President, Heartland Polymers Operations, Inter Pipeline; Elissa Ross, PhD, CEO and Co-Founder, Metafold 3D.","Jillian van Duinkerken, Sally Morse, Kimberly Benedict, Elissa Ross","CEO, Duinkerken Foods; CEO and Co-Founder, Spectra Supply; Vice President, Heartland Polymers Operations, Inter Pipeline; CEO and Co-Founder, Metafold 3D",2026-03-05T18:00:00Z,60,Plant,Manufacturing,"manufacturing,women in manufacturing,leadership,career development,professional growth",https://us02web.zoom.us/webinar/register/WN_eMfUrPmHSvKBiLmjGi14AQ#/registration,Not available,Not available,
"7. Gartner Supply Chain Webinar
日期: 2026-03-17
主办方: Gartner
注册链接: https://www.supplychainbrain.com/articles/topic/1336-webinars
行业: Supply Chain Management",Fireside Chat with Gartner Expert Suzie Petrusic: Navigating Risk in the Evolving World of CSCOs,"Join us for an exclusive fireside chat as the Editor-in-Chief Bob Bowman of SupplyChainBrain sits down with a leading Gartner Expert, Suzie Petrusic to discuss the latest trends, challenges, and opportunities facing Chief Supply Chain Officers (CSCOs) today. This in-depth conversation will explore the evolving landscape of supply chain risk, its impact on global operations, and the strategies CSCOs are using to stay ahead. Attendees will have the opportunity to ask live questions and gain firsthand insights into how industry leaders are addressing the most pressing risks in supply chain management. Don’t miss this chance to engage with a top Gartner expert and stay informed on what’s shaping the future of supply chains.",Suzie Petrusic,"Sr Director Analyst, Gartner",2026-03-17T16:00:00Z,60,Gartner,Supply Chain Management,"supply-chain,risk-management,CSCOs,logistics,artificial-intelligence",https://www.supplychainbrain.com/articles/43386-fireside-chat-with-gartner-expert-suzie-petrusic-navigating-risk-in-the-evolving-world-of-cscos,Not available,Not available,
"8. Cascale Industry Report 2026 - Decarbonization Progress
日期: 2026-03-30 - 2026-04-01
注册链接: https://cascale.org/events-trainings/events/
行业: Apparel & Textiles
主题: 服装纺织行业脱碳进展","Member Webinar: State of the Industry Report 2026: Decarbonization Progress in the Apparel, Footwear & Textiles Industry","Cascale recently released the State of the Industry Report 2026: Decarbonization Progress in the Apparel, Footwear & Textiles Industry, an in-depth report highlighting that the sector is not decarbonizing at the pace or scale required to meet global climate targets. Cascale will host a member-only webinar on March 4 to provide a deep dive into the report. In this webinar, Cascale will walk through key findings, which draw on verified 2023 and 2024 energy data from the Higg Facility Environmental Module (Higg FEM), with a focus on Tier 1 finished product manufacturing and Tier 2 material manufacturing. You’ll gain insights into current decarbonization trends, challenges, and what the data signals about the actions needed to accelerate progress across global supply chains. The speakers are Joël Mertens, Director, Higg Product Tools, Cascale; Quinten Geleijnse, Manager, Higg Product Tools - LCA, Cascale; Cassandra Lindow, Senior Manager, Reporting Tool Analyst, Cascale.","Joël Mertens, Quinten Geleijnse, Cassandra Lindow","Director, Higg Product Tools, Cascale; Manager, Higg Product Tools - LCA, Cascale; Senior Manager, Reporting Tool Analyst, Cascale",2026-03-04T15:00:00Z,60,Cascale,Apparel & Textiles,"decarbonization, apparel, textiles, sustainability",https://connect.cascale.org/login,Not available,Not available,
